model,precision,recall,f1
Isolation Forest,0.7093894368835061,0.6748426178881102,0.6916849281714147
One-Class SVM,0.07296853456982023,0.4934671576196698,0.12713738151160212
